ksat_violaxanthin_deepoxidase,gamma0,ksat_lhc_protonation
5.57612677211045,0.10141749868386585,5.974420267318021
