kZSat,gamma1,gamma3,gamma0,gamma2
0.13318517135868713,2.853337836508255,0.001152340213671721,8.049532724463404e-05,6.1258230954023345
